TransactionID,InvestorID,Date,AssetID,BuySell,Quantity,Price,Brokerage
1,17,22-12-2023,104,Buy,55,3368.09,370.49
2,27,05-02-2024,101,Buy,7,2780.23,333.63
3,1,08-08-2025,8,Buy,120,3869.18,100.6
4,13,21-12-2021,20,Buy,152,2897.67,301.36
5,6,24-06-2021,13,Sell,74,414.35,61.32
6,5,07-09-2025,1,Buy,88,1458.72,256.73
7,1,03-03-2025,20,Sell,100,591.91,101.81
8,8,31-07-2024,9,Sell,42,3034.27,254.88
9,17,21-04-2022,10,Buy,2,3545.14,14.18
10,15,16-01-2023,8,Sell,4,2458.67,19.67
11,29,27-06-2025,9,Sell,60,690.11,82.81
12,10,08-05-2021,11,Sell,6,140.55,1.69
13,26,17-11-2023,102,Sell,233,4381.55,508.26
14,7,01-05-2023,19,Buy,39,819.65,63.93
15,35,23-09-2024,20,Sell,14,245.91,6.89
16,40,17-12-2023,6,Sell,11,1654.09,36.39
17,39,16-06-2023,104,Sell,43,3732.85,321.03
18,29,03-03-2022,7,Sell,76,742.53,112.86
19,32,10-02-2025,101,Buy,14,2763.73,77.38
20,41,01-12-2021,17,Sell,71,4272.2,606.65
21,28,11-12-2024,15,Sell,63,954.04,120.21
22,34,18-07-2023,9,Buy,37,303.33,22.45
23,27,14-08-2024,7,Sell,87,3525.67,613.47
24,26,27-03-2024,5,Sell,13,4930.06,128.18
25,7,26-10-2022,104,Sell,41,1431.07,117.35
26,31,29-05-2021,18,Buy,2,4426.82,17.71
27,39,16-10-2025,13,Buy,89,1814.43,18.14
28,9,22-08-2024,6,Sell,21,4174.28,175.32
29,14,23-04-2023,101,Sell,32,390.45,24.99
30,31,15-02-2021,8,Sell,22,3507.15,154.31
31,43,29-11-2025,102,Sell,54,2860.92,308.98
32,40,20-03-2021,8,Sell,43,3163.97,272.1
33,21,28-06-2023,101,Sell,8,2670.08,363.13
34,48,10-07-2022,5,Sell,19,933.4,35.47
35,20,23-07-2025,19,Buy,56,3782.68,423.66
36,34,16-09-2021,102,Buy,54,757.53,81.81
37,45,13-03-2024,101,Sell,71,1388.96,197.23
38,37,17-03-2023,103,Sell,48,3840.89,368.73
39,18,10-11-2024,5,Buy,55,2616.08,287.77
40,49,24-02-2025,102,Sell,92,4175.78,768.34
41,47,06-04-2024,1,Buy,20,1420.97,56.84
42,34,01-08-2024,15,Buy,60,1588.62,190.63
43,7,18-08-2023,105,Sell,15,1413.86,42.42
44,9,07-12-2021,103,Sell,58,1449.53,168.15
45,12,04-07-2022,18,Sell,32,2632.19,168.46
46,13,09-01-2021,10,Sell,57,2118.04,241.46
47,14,12-10-2025,3,Sell,43,1537.29,132.21
48,45,15-03-2023,18,Buy,84,3297.82,554.03
49,40,27-03-2024,1,Buy,59,2395.77,282.7
50,13,09-07-2023,5,Buy,16,2694.01,86.21
51,12,06-07-2021,16,Buy,186,1038.89,178.69
52,8,16-03-2025,2,Sell,20,3095.51,123.82
53,49,14-06-2024,11,Sell,75,124.58,18.69
54,33,21-10-2023,101,Sell,26,3892.26,202.4
55,35,12-04-2025,103,Sell,10,4146.67,82.93
56,49,24-05-2023,15,Sell,60,240.61,28.87
57,27,22-01-2023,17,Buy,4,3863.55,30.91
58,29,02-02-2024,14,Sell,12,1652.09,39.65
59,18,14-03-2024,18,Buy,48,883.49,84.82
60,15,04-04-2022,8,Buy,29,4335.86,251.48
61,41,13-09-2022,8,Sell,93,1067.34,198.53
62,47,28-09-2024,6,Buy,3,760.57,4.56
63,23,10-11-2025,15,Sell,15,401.54,12.05
64,33,29-12-2024,6,Sell,27,4504.57,243.25
65,16,14-05-2025,105,Buy,91,2218.08,403.69
66,12,07-02-2023,5,Buy,39,1153.05,89.94
67,44,24-03-2022,17,Buy,27,2438.9,131.7
68,37,13-03-2025,19,Sell,12,1009.13,24.22
69,19,30-12-2024,104,Sell,41,2013.87,165.14
70,28,02-01-2021,9,Sell,78,952.22,148.55
71,20,14-02-2024,11,Sell,71,225.97,32.09
72,6,18-03-2021,17,Sell,15,3715.11,111.45
73,21,17-04-2025,10,Sell,97,1911.37,370.81
74,14,25-11-2024,18,Sell,68,2091.81,284.49
75,11,06-03-2022,14,Sell,81,4991.47,808.62
76,31,19-01-2023,105,Buy,98,804.47,157.68
77,19,24-04-2021,104,Buy,46,1534.98,141.22
78,18,15-11-2021,3,Sell,41,2958.24,242.58
79,39,27-03-2024,14,Buy,11,2340.88,51.5
80,14,30-07-2021,104,Sell,39,3158.68,246.38
81,6,12-01-2023,14,Buy,91,3343.11,608.45
82,26,04-07-2023,16,Sell,28,3874.99,217
83,28,03-12-2021,2,Buy,49,4203.09,411.9
84,45,28-03-2025,11,Buy,55,2737.64,301.14
85,13,31-12-2024,1,Buy,30,2467.44,148.05
86,39,28-06-2024,14,Buy,52,460.86,47.93
87,36,14-04-2024,6,Buy,23,3713.09,170.8
88,44,04-08-2021,103,Buy,93,4407.93,819.87
89,8,22-07-2021,18,Sell,8,4358.49,69.74
90,27,18-04-2024,7,Buy,6,595.99,73.9
91,10,03-08-2025,14,Sell,6,2278.62,27.34
92,19,25-03-2022,11,Sell,14,3962.79,110.96
93,37,28-05-2021,2,Buy,40,1297.01,103.76
94,35,11-08-2023,6,Buy,1000,3088.22,6.18
95,27,17-10-2025,9,Buy,8,3607.8,598.89
96,5,09-05-2025,2,Sell,17,345.34,11.74
97,30,01-05-2022,12,Sell,40,3211.62,256.93
98,2,22-09-2024,14,Buy,4,369.11,2.95
99,28,10-09-2025,14,Sell,60,1089.55,130.75
100,23,21-03-2023,102,Buy,4,2168.43,17.35
101,36,10-04-2022,2,Sell,73,2024.43,295.57
102,47,08-06-2023,3,Buy,689,1484.67,5.94
103,47,31-03-2023,4,Sell,24,4723.51,226.73
104,34,20-06-2025,102,Sell,78,1007.53,157.17
105,47,29-06-2024,7,Sell,79,693.36,109.55
106,9,01-08-2023,11,Buy,45,3765.88,338.93
107,43,20-07-2024,105,Buy,82,784.61,128.68
108,45,19-08-2022,13,Buy,81,2720.19,440.67
109,44,06-07-2021,19,Sell,71,138.36,19.65
110,2,14-03-2022,104,Sell,69,2283.49,315.12
111,18,15-07-2022,12,Sell,74,1257.2,186.07
112,19,14-06-2025,19,Sell,47,4148.45,389.95
113,25,27-10-2022,14,Buy,92,160.45,29.52
114,4,11-01-2021,2,Sell,54,4069.2,439.47
115,25,23-10-2022,5,Buy,97,3542.52,687.25
116,31,11-06-2023,16,Buy,27,4608.42,248.85
117,4,03-11-2021,104,Sell,70,2805.14,50.49
118,10,12-12-2025,4,Sell,92,3541.58,651.65
119,3,08-05-2022,8,Buy,91,137.57,25.04
120,9,13-03-2025,4,Buy,25,1059.46,184.35
121,30,02-09-2023,17,Buy,15,4967.52,149.03
122,1,08-10-2022,102,Sell,39,1633.86,127.44
123,25,28-04-2021,10,Buy,4,1525.54,12.2
124,50,12-03-2025,5,Sell,92,1207.71,222.22
125,37,09-02-2022,4,Buy,96,853.32,163.84
126,48,19-04-2024,6,Sell,12,4313.82,103.53
127,32,24-12-2024,4,Buy,23,1903.62,87.57
128,18,12-01-2022,19,Sell,31,1711.45,106.11
129,11,25-09-2025,14,Buy,9,3145.58,56.62
130,22,03-09-2025,104,Sell,8,2723.57,43.58
131,23,12-07-2023,9,Buy,95,1374.18,261.09
132,7,18-05-2021,14,Buy,75,3997.74,599.66
133,24,01-11-2022,11,Sell,8,3787.2,60.6
134,3,23-02-2023,11,Sell,91,2312.64,420.9
135,17,11-07-2023,18,Buy,21,4574.03,192.11
136,33,13-08-2025,102,Sell,78,3199.71,499.15
137,37,09-05-2023,15,Buy,8,497.01,7.95
138,40,18-03-2025,104,Sell,14,1831.76,51.29
139,29,26-10-2022,2,Buy,21,565.42,23.75
140,7,24-06-2021,105,Buy,650,4579.59,595.35
141,35,21-02-2024,3,Buy,51,1038.57,105.93
142,23,22-01-2021,13,Sell,11,238.14,5.24
143,4,01-05-2023,14,Sell,48,3936.82,377.93
144,14,06-10-2024,3,Sell,83,3799.42,630.7
145,6,17-01-2025,18,Sell,45,4336.26,390.26
146,44,19-11-2023,18,Buy,65,3486.32,453.22
147,1,13-11-2021,8,Sell,35,781.23,54.69
148,45,28-12-2022,3,Buy,21,1799.17,75.57
149,17,18-08-2024,3,Sell,48,2300.19,220.82
150,22,28-08-2022,6,Sell,39,3529.05,275.27
151,12,17-06-2022,12,Buy,35,2369.78,165.88
152,35,25-05-2021,18,Sell,26,1287.58,66.95
153,16,07-03-2021,1,Sell,34,4072.54,276.93
154,8,08-11-2021,105,Sell,75,213.4,32.01
155,15,31-10-2021,5,Sell,81,3172.08,513.88
156,41,01-02-2021,102,Sell,86,4271.28,734.66
157,41,28-05-2022,16,Sell,19,4739.57,180.1
158,33,23-10-2025,104,Sell,9,535.87,9.65
159,7,09-11-2024,3,Sell,89,858.59,152.83
160,43,24-07-2025,6,Sell,94,1085.75,204.12
161,16,30-06-2022,15,Sell,89,3673.62,653.9
162,2,23-02-2025,3,Sell,67,3222.38,431.8
163,4,23-07-2022,103,Sell,51,4561.63,465.29
164,25,12-06-2025,1,Buy,72,4212.12,606.55
165,28,30-12-2024,18,Sell,9,1373.32,24.72
166,40,18-09-2025,18,Sell,53,1093.44,115.9
167,43,18-12-2021,15,Buy,4,4975.58,39.8
168,16,24-04-2021,14,Buy,28,535.37,29.98
169,29,07-04-2023,8,Buy,55,1030.86,113.39
170,7,15-02-2023,13,Sell,61,1177.1,143.61
171,12,07-12-2025,16,Sell,16,3616.17,115.72
172,39,12-01-2025,105,Buy,85,208.77,35.49
173,12,23-02-2024,9,Buy,82,2542.61,416.99
174,43,30-11-2023,4,Buy,60,4598.23,551.79
175,4,04-12-2023,2,Sell,43,279.12,24
176,14,16-06-2022,1,Buy,4,3926.01,31.41
177,9,07-03-2024,7,Buy,69,2174.34,300.06
178,2,31-08-2024,102,Buy,41,1750.01,143.5
179,25,22-09-2025,14,Sell,59,3472.46,409.75
180,14,31-03-2025,103,Sell,55,4053.4,445.87
181,20,24-07-2021,10,Sell,13,502.05,13.05
182,50,07-08-2021,9,Sell,72,2598.5,374.18
183,34,01-03-2023,105,Sell,85,2906.2,494.05
184,40,12-04-2024,14,Sell,80,1135.22,181.64
185,49,14-05-2025,7,Buy,440,1166.35,100.31
186,34,15-03-2024,9,Buy,94,2711.13,509.69
187,24,23-06-2021,4,Sell,30,3479.24,208.75
188,44,26-09-2023,18,Sell,48,1388.27,133.27
189,33,05-12-2025,12,Buy,42,4492.38,377.36
190,28,06-06-2021,16,Sell,2,2849.78,11.4
191,23,25-03-2021,16,Sell,15,873.16,26.19
192,22,08-11-2021,8,Sell,74,3479.99,515.04
193,50,24-07-2022,3,Sell,80,1044.83,167.17
194,44,12-02-2022,12,Buy,76,987.85,150.15
195,23,24-10-2021,8,Sell,57,2113.2,240.9
196,10,31-01-2024,6,Buy,75,251.31,37.7
197,41,15-08-2022,12,Sell,49,1797.05,176.11
198,33,29-11-2022,19,Buy,80,3470.84,555.33
199,42,30-09-2022,18,Sell,44,1574.05,138.52
200,10,18-03-2022,1,Buy,55,924.08,101.65
201,3,06-06-2022,3,Sell,57,1668.45,190.2
202,22,08-06-2022,20,Sell,62,3844.61,476.73
203,23,15-07-2025,2,Buy,32,1829.54,117.09
204,16,30-12-2023,13,Buy,15,1115.91,33.48
205,49,16-01-2022,14,Buy,66,735.34,97.06
206,20,12-10-2022,13,Buy,83,2221.08,368.7
207,33,26-12-2023,15,Sell,41,2515.53,206.27
208,49,24-01-2022,104,Sell,71,1159.72,164.68
209,30,01-02-2022,15,Buy,46,4434.16,407.94
210,25,04-01-2025,104,Sell,35,699.79,48.99
211,26,26-02-2022,4,Sell,86,4685.99,805.99
212,27,09-09-2022,13,Sell,8,2069.57,33.11
213,17,11-07-2021,6,Sell,98,721.27,141.37
214,21,17-01-2022,15,Sell,45,2734.3,246.09
215,46,25-03-2024,3,Buy,65,4596.79,597.58
216,42,21-03-2021,9,Buy,88,210.5,37.05
217,6,10-02-2021,1,Buy,41,651.04,53.39
218,14,09-07-2021,10,Buy,73,4269.17,623.3
219,35,03-11-2025,13,Buy,41,1159.61,95.09
220,8,09-03-2021,20,Buy,93,4570.25,850.07
221,19,04-03-2025,18,Sell,9,2230.37,40.15
222,12,02-01-2022,105,Buy,56,4940.48,553.33
223,14,01-06-2022,10,Sell,45,2668.1,240.13
224,31,01-09-2025,7,Sell,42,1858.45,156.11
225,32,08-01-2021,104,Sell,7,2317.46,32.44
226,1,08-12-2023,103,Buy,10,1055,21.1
227,44,03-12-2022,5,Buy,18,751.93,27.07
228,12,24-11-2025,2,Sell,5,1578.46,15.78
229,43,21-02-2021,1,Buy,71,2871.86,407.8
230,36,31-12-2022,102,Buy,53,566.88,60.09
231,11,01-09-2023,6,Sell,56,1227.33,137.46
232,5,20-08-2024,17,Buy,10,3455.81,69.12
233,12,29-05-2021,19,Sell,80,3069.68,491.15
234,42,05-04-2023,10,Sell,1,3623.68,7.25
235,25,20-10-2025,3,Sell,96,1954.17,375.2
236,16,02-06-2021,19,Sell,31,1557.85,96.59
237,25,15-04-2024,2,Sell,84,1430.97,240.4
238,23,21-03-2023,9,Sell,64,145.1,18.57
239,29,27-09-2023,101,Buy,48,3015.56,289.49
240,21,12-03-2024,101,Sell,39,811.85,63.32
241,16,08-05-2021,5,Buy,5,4239.6,42.4
242,4,02-07-2025,13,Buy,32,4869.34,311.64
243,9,09-07-2023,10,Buy,100,4625.95,925.19
244,13,23-04-2024,19,Buy,9,4196.33,75.53
245,37,27-12-2024,1,Sell,60,281.44,33.77
246,37,03-11-2021,10,Sell,53,4389.76,465.31
247,14,06-02-2025,3,Sell,59,848.51,100.12
248,44,12-06-2022,2,Buy,6,3710.24,44.52
249,45,23-01-2024,20,Buy,45,1565.45,140.89
250,19,29-04-2024,7,Buy,330,3841.76,253.56
251,40,24-12-2022,8,Buy,63,1783.82,224.76
252,43,28-06-2022,101,Buy,87,851.83,148.22
253,36,25-09-2021,17,Sell,61,1906.94,232.65
254,11,13-01-2022,18,Buy,89,1253.99,223.21
255,40,31-12-2025,105,Buy,52,3057.22,317.95
256,17,02-10-2023,15,Sell,76,4402.5,669.18
257,17,15-05-2022,13,Buy,83,3281.26,544.69
258,8,03-11-2023,105,Sell,92,4971.3,914.72
259,22,20-05-2022,11,Buy,51,4929.96,502.86
260,20,05-05-2021,14,Sell,94,1959.59,368.4
261,50,04-07-2025,3,Buy,71,1817.43,258.08
262,7,22-05-2021,20,Sell,74,251.8,37.27
263,15,30-10-2024,19,Sell,87,965.42,167.98
264,21,28-10-2021,19,Sell,22,277.25,12.2
265,22,05-08-2024,104,Buy,640,451.77,57.83
266,49,02-09-2021,104,Sell,95,754.68,143.39
267,42,15-07-2025,3,Sell,32,4943.1,316.36
268,18,06-10-2022,6,Sell,18,4104.82,147.77
269,10,29-07-2024,9,Buy,21,2915.64,122.46
270,50,18-10-2024,101,Sell,95,4726.8,898.09
271,48,30-03-2022,8,Sell,12,4557.37,109.38
272,44,09-01-2023,19,Buy,24,1985.61,95.31
273,1,29-06-2021,104,Buy,42,1528.14,128.36
274,24,01-08-2024,104,Buy,68,4160.46,565.82
275,45,22-07-2023,6,Buy,72,2590.65,373.05
276,5,02-08-2024,17,Buy,48,2406.17,230.99
277,36,27-04-2023,104,Buy,78,2610.64,407.26
278,11,29-05-2023,19,Buy,84,1050.91,176.55
279,37,03-02-2022,9,Sell,25,3861.76,193.09
280,33,03-07-2021,4,Buy,26,1918.16,99.74
281,44,12-04-2021,4,Sell,50,1466.27,146.63
282,49,24-02-2021,19,Buy,18,1370.78,49.35
283,1,03-04-2023,9,Sell,86,752.16,129.37
284,24,23-11-2022,2,Sell,11,3913.11,86.09
285,14,16-05-2024,15,Buy,24,125.4,6.02
286,35,23-05-2023,6,Buy,84,2314.23,388.79
287,15,21-03-2025,104,Sell,24,3015.27,144.73
288,49,03-09-2021,14,Buy,67,4995.73,669.43
289,21,25-10-2022,104,Sell,27,3429.26,185.18
290,14,10-01-2025,104,Buy,59,3421.61,403.75
291,22,04-08-2024,105,Sell,9,953.83,17.17
292,24,30-05-2024,4,Sell,64,2569.36,328.88
293,11,30-06-2025,11,Buy,43,3799.38,326.75
294,12,14-01-2024,101,Buy,25,2443.15,122.16
295,13,11-04-2025,102,Sell,50,1819.3,181.93
296,19,04-01-2023,11,Buy,92,3943.93,725.68
297,8,24-05-2024,8,Buy,50,968.21,96.82
298,10,15-01-2025,4,Sell,44,301.85,26.56
299,9,14-04-2025,102,Sell,13,2777.41,72.21
300,36,16-11-2025,15,Sell,35,1950,136.5
301,24,19-07-2025,8,Sell,25,2815.31,140.77
302,49,10-02-2025,10,Buy,89,2900.56,516.3
303,37,11-01-2021,7,Sell,71,4531.25,643.44
304,11,15-08-2024,10,Buy,85,3261.15,554.4
305,25,18-09-2025,17,Sell,61,3655.63,445.99
306,13,29-09-2022,6,Sell,66,3417.87,451.16
307,11,25-10-2021,105,Buy,58,3433.81,398.32
308,21,26-08-2025,9,Sell,62,3024.64,375.06
309,17,23-02-2021,18,Sell,73,2664.63,389.04
310,9,01-03-2022,12,Sell,39,4833.95,377.05
311,4,01-06-2023,6,Sell,87,335.47,58.37
312,9,28-08-2022,101,Sell,35,4984.37,348.91
313,18,06-11-2023,12,Sell,34,3096.37,210.55
314,11,27-05-2022,19,Sell,98,3129.24,613.33
315,38,02-05-2023,10,Sell,87,834.28,145.16
316,30,19-03-2022,105,Sell,17,3068.64,104.33
317,9,23-06-2025,5,Sell,35,4622.03,323.54
318,29,06-09-2022,104,Buy,86,2528.91,434.97
319,39,21-05-2022,5,Buy,60,1127.06,135.25
320,12,18-02-2022,2,Buy,96,2511.74,482.25
321,36,14-11-2021,5,Buy,62,1523.78,188.95
322,10,25-08-2023,2,Sell,20,2905.11,116.2
323,50,29-09-2023,11,Sell,99,1829.26,362.19
324,40,26-01-2024,4,Buy,12,3798.2,91.16
325,47,08-12-2021,7,Buy,46,3730.39,343.2
326,8,21-08-2023,4,Sell,100,1647.72,329.54
327,17,30-09-2022,5,Buy,50,2497.49,249.75
328,40,15-01-2022,15,Buy,33,804.35,53.09
329,46,12-11-2024,18,Sell,1000,661.86,131.05
330,40,22-01-2024,104,Buy,50,2741.28,274.13
331,30,24-09-2023,11,Buy,23,3425.52,157.57
332,26,13-08-2025,9,Sell,74,3254.79,481.71
333,1,08-08-2025,4,Sell,25,4179.43,208.97
334,44,18-01-2025,20,Sell,90,3041.13,547.4
335,17,26-03-2022,19,Buy,37,3362.12,248.8
336,3,01-05-2021,9,Sell,42,1197.66,100.6
337,49,24-09-2022,6,Sell,78,4936.17,770.04
338,32,05-11-2025,2,Sell,9,1840.99,33.14
339,26,10-10-2021,14,Buy,233,2494.37,109.75
340,8,11-01-2022,17,Buy,26,307.56,15.99
341,8,01-06-2021,18,Buy,14,3472.39,97.23
342,23,20-05-2024,13,Buy,500,3080.22,271.06
343,17,04-09-2022,11,Buy,45,1871.8,168.46
344,42,10-05-2025,104,Buy,6,3583.82,430.06
345,43,28-05-2023,9,Buy,3333,2633.8,173.83
346,9,16-11-2021,105,Buy,61,3819.15,465.94
347,38,15-04-2024,13,Sell,34,3058.45,207.97
348,41,21-09-2024,10,Buy,10,4044.09,808.82
349,37,01-04-2024,7,Sell,78,4368.13,681.43
350,9,28-04-2022,11,Buy,45,4944.36,444.99
351,18,09-12-2021,11,Sell,91,108.09,19.67
352,40,10-12-2025,14,Buy,58,4352.16,504.85
353,9,04-03-2023,3,Buy,74,1356.97,200.83
354,6,14-02-2021,4,Sell,62,1608.3,199.43
355,30,01-08-2025,19,Sell,9,816.69,156.8
356,41,26-06-2025,11,Sell,130,3695.01,672.49
357,21,21-03-2021,102,Buy,93,4366.68,812.2
358,17,03-12-2025,3,Buy,71,3292.15,467.49
359,18,19-06-2022,7,Buy,45,1910.72,171.96
360,50,14-04-2021,5,Buy,19,3063.24,116.4
361,27,01-02-2021,19,Sell,68,398.38,54.18
362,48,08-08-2023,3,Sell,16,376.7,12.05
363,42,13-12-2023,12,Sell,45,328.36,29.55
364,31,26-06-2023,1,Sell,420,3261.29,273.95
365,34,27-07-2025,13,Sell,1,2925.18,5.85
366,27,25-08-2024,3,Buy,33,247.77,16.35
367,38,16-10-2021,9,Sell,8,2290.77,36.65
368,38,10-02-2022,5,Sell,40,3593.5,287.48
369,18,13-06-2021,3,Sell,19,172.35,6.55
370,46,03-11-2024,3,Buy,44,3230,284.24
371,38,14-01-2021,7,Sell,14,3326.38,93.14
372,25,14-12-2021,8,Sell,97,2654.86,515.04
373,17,08-08-2022,13,Sell,32,2873.93,183.93
374,38,14-02-2022,5,Buy,59,2444.66,288.47
375,48,03-10-2025,19,Buy,91,3267.78,594.74
376,41,25-08-2024,19,Buy,72,3145.02,452.88
377,31,17-08-2021,2,Sell,50,4140.78,414.08
378,31,30-06-2022,8,Buy,2280,1971.47,86.74
379,22,08-07-2022,101,Buy,98,1312.55,257.26
380,32,30-01-2023,6,Buy,70,4964.19,694.99
381,33,24-12-2023,7,Buy,8,4128.05,701.77
382,18,02-10-2021,2,Buy,85,3096.01,526.32
383,33,15-12-2023,9,Buy,94,1209.61,227.41
384,36,05-12-2024,4,Buy,2,1099.58,63.78
385,31,06-10-2022,14,Buy,10,3712.44,74.25
386,49,19-01-2022,12,Buy,46,866.59,79.73
387,42,25-03-2023,4,Sell,2,4447.29,177.89
388,20,26-01-2025,6,Sell,93,2034.2,378.36
389,2,17-02-2025,104,Sell,39,716.04,55.85
390,19,25-01-2023,101,Sell,74,4786.52,708.4
391,28,10-08-2024,102,Sell,80,3471.5,555.44
392,10,28-01-2024,2,Buy,9,1230.99,22.16
393,7,03-09-2025,103,Sell,7,1973.89,27.63
394,42,06-02-2025,12,Sell,1,1499.63,32.99
395,2,08-07-2023,13,Sell,31,4601.83,285.31
396,27,06-01-2023,102,Sell,20,2545.9,320.78
397,29,08-11-2021,9,Sell,9,4519.36,81.35
398,47,22-12-2024,3,Buy,14,2690.9,75.35
399,19,07-12-2024,20,Sell,72,4950.73,712.91
400,32,18-03-2023,5,Buy,52,3494.46,363.42
401,6,19-11-2021,105,Buy,25,1014.64,50.73
402,28,05-10-2021,9,Buy,46,2656.48,244.4
403,46,10-08-2023,4,Sell,60,4608.79,553.05
404,40,09-11-2024,105,Sell,82,2368.35,388.41
405,10,01-12-2025,7,Sell,24,3214.46,154.29
406,12,23-11-2025,105,Buy,15,2324.18,69.73
407,38,26-08-2025,14,Sell,38,3041.57,231.16
408,40,30-05-2023,103,Buy,84,1627.55,273.43
409,3,09-09-2024,8,Buy,28,393.69,22.05
410,46,04-01-2024,18,Sell,33,2423.86,159.97
411,39,06-05-2022,6,Buy,8,2054.46,328.71
412,15,27-10-2025,102,Sell,7,2909.77,430.65
413,32,05-06-2023,16,Buy,32,1753.17,112.2
414,9,13-11-2022,6,Buy,41,2924.41,239.8
415,34,22-04-2024,14,Buy,49,423.83,41.54
416,7,30-08-2022,7,Buy,83,3709.04,615.7
417,43,05-02-2024,18,Sell,25,1919.95,96
418,10,04-02-2025,105,Buy,53,4048.72,429.16
419,3,05-09-2021,19,Sell,47,2189.2,205.78
420,20,10-05-2023,2,Buy,196,3992.97,766.65
421,42,18-08-2021,102,Sell,9,172.81,32.49
422,1,15-06-2025,1,Buy,52,2095.9,217.97
423,13,03-02-2021,16,Buy,74,3597.98,532.5
424,10,26-12-2023,105,Sell,71,3958.69,562.13
425,22,26-10-2022,17,Buy,47,2980.64,280.18
426,28,20-10-2023,19,Buy,61,4066.82,496.15
427,46,07-09-2023,5,Buy,56,247.07,27.67
428,10,26-03-2023,9,Buy,31,3467.33,214.97
429,36,20-09-2024,104,Sell,94,273.62,51.44
430,17,16-09-2025,2,Buy,65,3714.71,482.91
431,34,03-08-2024,10,Sell,52,4790.68,498.23
432,21,04-10-2022,9,Sell,48,1565.85,150.32
433,46,12-09-2025,20,Buy,32,2566.12,164.23
434,7,24-11-2025,105,Buy,37,872.9,64.59
435,32,04-04-2021,13,Sell,86,4573.82,786.7
436,50,05-11-2021,4,Sell,51,2391.34,243.92
437,27,29-12-2024,18,Buy,13,3810.09,99.06
438,2,24-10-2025,14,Sell,39,899.99,70.2
439,19,10-04-2022,103,Buy,42,654.34,54.96
440,34,03-11-2024,9,Buy,23,4131.49,190.05
441,49,17-09-2024,5,Buy,1,2916.07,5.83
442,22,24-04-2022,17,Sell,68,4369.41,594.24
443,9,03-03-2025,6,Buy,23,1939.37,89.21
444,4,13-11-2022,20,Buy,64,3435.69,439.77
445,18,08-02-2023,105,Sell,31,2389.54,148.15
446,22,30-12-2024,19,Buy,80,2116.78,338.68
447,28,15-01-2023,17,Sell,81,4944.87,801.07
448,30,19-05-2025,17,Sell,5,2648.81,26.49
449,11,25-12-2025,4,Buy,86,4580.29,787.81
450,21,21-04-2025,105,Buy,60,4025.59,483.07
451,38,16-04-2024,9,Buy,97,4993.69,968.78
452,2,14-10-2025,6,Buy,40,1267.2,101.38
453,42,12-04-2025,10,Buy,91,3427.01,623.72
454,37,23-05-2022,15,Buy,28,824.57,46.18
455,40,07-02-2025,1,Sell,95,4441.77,843.94
456,18,01-03-2021,6,Buy,14,3261.9,378.38
457,45,30-12-2023,104,Sell,41,4317.79,354.06
458,14,07-07-2025,101,Sell,69,4726.01,652.19
459,40,01-10-2023,3,Buy,88,293.68,51.69
460,30,13-12-2024,12,Buy,10,2853.49,513.63
461,31,10-03-2021,18,Sell,63,2367.26,298.27
462,47,26-12-2022,20,Sell,46,1805.88,166.14
463,46,27-07-2023,3,Buy,46,2152.5,198.03
464,3,08-06-2024,17,Sell,53,4112.68,435.94
465,25,21-01-2023,9,Sell,20,3571.79,142.87
466,17,18-04-2022,102,Buy,39,2517.14,196.34
467,24,06-04-2024,4,Sell,47,3674.27,345.38
468,17,22-09-2025,16,Buy,31,3891.96,241.3
469,4,17-12-2022,18,Buy,13,780.79,20.3
470,20,13-12-2025,19,Buy,77,1352.82,208.33
471,16,21-01-2023,10,Sell,6,4587.3,55.05
472,30,01-01-2021,14,Sell,4,2109.42,46.41
473,48,13-12-2021,105,Buy,81,2568.46,416.09
474,14,31-07-2024,7,Sell,99,1325.1,262.37
475,50,08-01-2025,16,Buy,66,4205.72,555.16
476,12,09-06-2021,4,Buy,6,1243.54,164.15
477,25,26-04-2023,9,Buy,45,4483.64,403.53
478,46,26-05-2023,101,Sell,42,245.43,20.62
479,43,13-10-2023,5,Sell,64,772.85,98.92
480,50,04-03-2024,18,Sell,36,3662.89,263.73
481,28,17-09-2022,11,Buy,48,1985.64,190.62
482,13,13-04-2024,105,Sell,42,4642.23,389.95
483,18,28-10-2023,101,Buy,14,3044.61,85.25
484,3,08-12-2023,12,Sell,4,1037.52,8.3
485,17,22-09-2021,104,Sell,29,2079.81,120.63
486,38,03-01-2023,15,Sell,53,4529.7,480.15
487,23,30-06-2023,102,Sell,43,3448.22,296.55
488,6,22-10-2024,12,Buy,58,1397.06,162.06
489,22,17-03-2022,16,Sell,73,3035.39,443.17
490,4,31-05-2022,4,Sell,90,3892.68,700.68
491,8,04-06-2021,10,Sell,51,1100.63,112.26
492,49,02-06-2021,104,Sell,8,775.11,12.4
493,8,26-07-2021,14,Sell,11,922.82,20.3
494,18,02-02-2024,101,Sell,8,899.44,152.9
495,4,20-10-2025,4,Buy,64,723.52,92.61
496,30,23-09-2025,102,Buy,5,3208.79,19.25
497,41,05-08-2022,17,Buy,64,1015.14,129.94
498,3,12-10-2025,104,Buy,23,2502.8,115.13
499,23,08-05-2022,12,Sell,71,4456.12,632.77
500,25,27-12-2024,1,Sell,93,4491.19,835.36
501,11,04-03-2021,101,Sell,93,393.16,73.13
502,19,02-12-2024,1,Sell,3,3370.29,20.22
503,11,09-03-2021,101,Buy,78,4301.91,671.1
504,42,11-02-2024,13,Buy,60,4929.89,591.59
505,5,14-11-2022,18,Buy,66,2402.17,317.09
506,17,26-12-2025,18,Buy,68,3590.76,488.34
507,35,10-07-2024,101,Sell,5,3713.67,37.14
508,24,12-12-2023,14,Buy,49,2694.04,264.02
509,49,28-05-2024,9,Sell,37,4486.56,332.01
510,17,21-04-2024,8,Buy,66,729.79,96.33
511,44,09-01-2023,105,Sell,6,3000.47,36.01
512,40,30-06-2025,12,Sell,2,2915.53,11.66
513,15,21-01-2024,8,Buy,3,473.46,36.93
514,2,22-03-2022,19,Sell,36,2574.32,185.35
515,40,17-04-2024,5,Buy,94,3719.35,699.24
516,31,07-11-2021,18,Buy,79,3649.5,576.62
517,20,20-07-2023,6,Sell,47,3214.77,302.19
518,37,04-01-2023,5,Sell,35,3726.14,260.83
519,3,23-04-2021,15,Buy,35,3231.07,226.17
520,14,28-03-2023,20,Sell,13,415.69,10.81
521,38,27-09-2024,12,Sell,20,4887.54,195.5
522,31,17-04-2022,12,Buy,4,1285.27,10.28
523,15,08-11-2025,18,Buy,45,2639.88,237.59
524,12,01-10-2025,17,Buy,4,1076.45,75.35
525,29,08-11-2024,16,Sell,84,3485.46,585.56
526,5,23-06-2021,10,Sell,76,288.15,43.8
527,26,06-04-2022,19,Sell,80,4854.13,776.66
528,12,02-01-2022,101,Sell,5,2818.74,118.39
529,35,11-10-2023,104,Sell,71,2380.7,338.06
530,15,24-07-2022,12,Sell,4,669.72,50.9
531,22,20-02-2021,7,Buy,100,2606.04,521.21
532,38,14-02-2025,18,Buy,9,3162.32,56.92
533,30,17-11-2023,3,Buy,7,1632.84,241.66
534,5,16-08-2022,6,Sell,65,546.86,71.09
535,50,24-10-2021,105,Buy,78,723.84,112.92
536,33,08-07-2025,10,Sell,11,731.21,16.09
537,49,28-06-2023,105,Buy,86,1476.71,253.99
538,17,19-04-2023,11,Buy,91,1917.42,348.97
539,30,26-06-2024,8,Sell,26,2472.65,128.58
540,24,23-07-2023,11,Buy,17,4148.74,141.06
541,49,23-12-2024,7,Sell,90,4024.98,724.5
542,15,12-04-2024,3,Buy,10,3696.9,524.96
543,26,18-09-2025,6,Sell,72,3963,570.67
544,43,14-07-2024,17,Sell,42,4768.26,400.53
545,13,15-12-2024,3,Buy,22,2342.46,103.07
546,31,29-04-2025,8,Buy,14,3983.91,111.55
547,33,24-03-2021,5,Sell,39,3344.68,260.89
548,23,19-08-2022,19,Sell,54,2825.47,305.15
549,36,07-05-2021,8,Buy,86,4589.18,789.34
550,10,16-07-2021,105,Sell,78,2566.56,400.38
551,26,02-08-2022,12,Sell,83,3549.01,589.14
552,32,01-01-2022,20,Buy,22,3104.29,136.59
553,45,23-02-2022,19,Buy,10,2338.05,46.76
554,48,04-08-2023,103,Sell,78,4055.01,632.58
555,12,05-01-2023,105,Buy,12,4489.56,107.75
556,43,24-10-2021,3,Buy,99,1170.97,231.85
557,33,05-01-2022,102,Sell,4,3589.7,28.72
558,27,03-04-2024,20,Buy,64,1470.14,188.18
559,41,04-06-2024,104,Buy,18,3211.23,115.6
560,41,17-11-2021,3,Sell,53,3499.97,371
561,11,25-04-2022,20,Sell,94,4762.42,895.33
562,17,02-08-2022,3,Buy,91,2120.64,385.96
563,33,07-12-2025,13,Sell,2,2543.63,10.17
564,25,19-12-2023,4,Buy,4,1562.04,12.5
565,12,03-03-2023,19,Sell,17,1678.51,258.49
566,20,10-02-2021,6,Buy,88,329.92,58.07
567,48,03-02-2022,9,Buy,53,2462.77,261.05
568,7,11-04-2024,9,Sell,34,611.35,41.57
569,25,20-07-2025,16,Sell,97,4304.53,835.08
570,27,13-04-2024,104,Buy,89,2934.26,522.3
571,19,08-04-2025,12,Sell,77,3073.73,473.35
572,47,22-02-2023,4,Sell,90,4252.25,765.4
573,38,23-10-2022,8,Sell,52,1105.31,114.95
574,30,19-03-2025,10,Sell,85,1046.59,177.92
575,40,30-01-2022,18,Sell,56,2004.3,224.48
576,24,19-08-2025,2,Sell,89,2712.25,482.78
577,48,27-03-2021,6,Buy,11,4543.39,99.95
578,16,04-12-2024,19,Buy,29,3384.65,196.31
579,33,08-03-2021,17,Buy,48,743.38,71.36
580,22,12-02-2024,20,Buy,48,1997.07,191.72
581,8,23-09-2021,13,Sell,93,568.22,105.69
582,25,02-04-2025,18,Sell,24,2260.48,108.5
583,16,29-02-2024,8,Sell,51,3433.64,350.23
584,37,24-10-2022,8,Buy,46,3542.28,325.89
585,45,01-01-2021,14,Sell,75,3159.96,473.99
586,40,27-11-2022,20,Sell,12,312.18,7.49
587,13,11-04-2023,3,Buy,52,3339.8,347.34
588,47,19-05-2021,14,Sell,13,1184.72,30.8
589,4,29-03-2023,1,Sell,45,1408.81,126.79
590,10,14-08-2023,10,Sell,79,2948.6,465.88
591,38,20-10-2021,102,Buy,52,1827.57,190.07
592,22,17-02-2021,2,Buy,11,2707.54,59.57
593,32,28-09-2025,1,Buy,1,4293.07,8.59
594,48,16-06-2023,4,Sell,53,2261.75,239.75
595,26,08-07-2021,9,Sell,38,3179.79,241.66
596,50,27-04-2021,8,Buy,44,2414.54,212.48
597,41,09-12-2025,2,Buy,24,3689.34,177.09
598,49,15-01-2023,20,Buy,43,3748.97,322.41
599,33,01-06-2023,2,Sell,99,1950.77,386.25
600,33,21-09-2022,1,Buy,92,2175.64,400.32
601,27,19-09-2023,9,Sell,94,1245.4,234.14
602,4,01-05-2021,105,Buy,50,4234.95,423.5
603,28,16-05-2023,15,Sell,14,1075.57,30.12
604,34,11-12-2025,5,Buy,28,1610.43,90.18
605,47,19-12-2021,103,Buy,88,2172.97,382.44
606,42,31-03-2023,8,Sell,67,3851.03,516.04
607,43,28-10-2025,20,Buy,7,2038.37,28.54
608,2,06-11-2024,4,Sell,63,2262.9,285.13
609,14,15-05-2024,101,Buy,71,2792.37,396.52
610,42,19-10-2021,101,Buy,57,3015.69,343.79
611,13,10-02-2022,102,Buy,29,1041.09,60.38
612,49,06-03-2025,3,Sell,97,4782.6,927.82
613,47,30-01-2022,10,Buy,27,3053.24,164.87
614,8,08-09-2025,3,Sell,91,2058.69,374.68
615,48,13-08-2024,16,Sell,9,2165.53,38.98
616,5,02-08-2024,101,Buy,64,1040.04,133.13
617,47,09-01-2023,14,Buy,44,309.64,27.25
618,31,08-05-2021,14,Buy,37,3021.82,223.61
619,31,18-04-2024,14,Buy,3,3983.9,23.9
620,12,03-02-2024,7,Sell,50,2520.11,252.01
621,6,10-07-2023,19,Sell,45,1976.62,177.9
622,11,03-05-2023,2,Buy,28,3246.48,181.8
623,2,21-11-2022,20,Sell,92,2469.69,454.42
624,10,06-04-2022,16,Sell,1,4323.89,8.65
625,31,12-05-2023,1,Sell,18,3798.45,136.74
626,12,30-09-2021,18,Sell,86,2754.27,473.73
627,24,10-12-2024,102,Sell,65,1365.66,177.54
628,44,20-01-2023,19,Buy,1,4913.19,9.83
629,14,14-11-2022,10,Sell,88,2216.76,390.15
630,22,27-03-2025,101,Buy,24,2165.99,103.97
631,40,16-11-2023,5,Buy,19,1698.5,64.54
632,3,09-06-2021,4,Buy,35,3856.89,269.98
633,43,18-02-2022,20,Sell,2,4087.42,16.35
634,45,18-08-2022,18,Sell,13,3279.37,85.26
635,12,23-07-2025,105,Sell,23,4559.11,209.72
636,18,16-07-2021,104,Sell,40,1860.67,148.85
637,46,19-06-2023,101,Buy,10,1013.18,20.26
638,12,27-04-2025,14,Buy,36,3776.38,271.9
639,40,19-08-2021,18,Sell,47,4419.9,415.47
640,34,01-11-2022,14,Sell,29,1011.27,58.65
641,27,02-11-2025,11,Buy,7,408.14,5.71
642,11,31-12-2024,104,Buy,39,3442.04,268.48
643,30,30-12-2025,8,Buy,56,4011.87,449.33
644,49,06-02-2024,18,Buy,30,4432.09,265.93
645,24,30-12-2022,11,Buy,64,3723.65,476.63
646,33,25-04-2022,13,Sell,38,2409.97,183.16
647,45,27-08-2022,3,Sell,36,3095.98,222.91
648,13,29-09-2022,6,Buy,22,2794.61,122.96
649,13,13-09-2025,12,Buy,27,4561.16,246.3
650,1,17-06-2021,105,Buy,24,4559.41,218.85
651,6,05-03-2021,3,Buy,57,1111.73,126.74
652,26,10-03-2023,103,Sell,93,3583.63,666.56
653,8,30-12-2025,11,Buy,12,4726.59,113.44
654,26,23-04-2023,104,Buy,59,736.29,86.88
655,9,25-08-2024,7,Sell,82,2756.99,452.15
656,27,02-03-2023,102,Buy,92,2371.73,436.4
657,4,27-05-2021,13,Buy,70,2057.83,288.1
658,16,21-02-2024,13,Buy,89,2844.5,506.32
659,33,01-09-2022,14,Sell,9,323.23,5.82
660,10,01-12-2025,18,Buy,3,901.65,5.41
661,26,10-02-2023,104,Sell,75,1074.64,161.2
662,21,27-04-2023,6,Buy,17,577.4,19.63
663,10,29-10-2021,15,Sell,67,1515.94,203.14
664,8,23-04-2023,105,Buy,63,2267.63,285.72
665,49,07-10-2023,13,Buy,33,777.08,51.29
666,15,26-12-2023,1,Sell,7,791.51,11.08
667,38,06-06-2024,12,Buy,62,2918.68,361.92
668,35,16-02-2021,103,Sell,82,4880.41,800.39
669,46,01-05-2021,15,Sell,87,3050.58,530.8
670,16,12-03-2025,20,Buy,11,1208,26.58
671,39,19-11-2025,13,Buy,7,3608.4,50.52
672,23,15-10-2024,101,Sell,26,1996.28,103.81
673,32,08-10-2023,17,Buy,3,2115.31,12.69
674,21,01-07-2025,16,Sell,56,205.21,22.98
675,13,13-08-2024,15,Sell,64,675.88,86.51
676,7,05-04-2025,6,Buy,68,1338.37,182.02
677,10,03-03-2021,105,Sell,39,3817.54,297.77
678,38,06-01-2022,4,Sell,23,106.39,4.89
679,15,23-06-2023,3,Buy,73,4514,659.04
680,18,30-03-2021,7,Sell,82,4455.89,730.77
681,23,03-02-2021,15,Buy,80,3294.33,527.09
682,41,17-03-2021,20,Buy,55,4528.79,498.17
683,30,11-10-2024,8,Buy,75,4634.88,695.23
684,8,07-04-2021,9,Buy,86,839.12,144.33
685,29,27-08-2025,14,Sell,7,3458.05,546.37
686,30,24-09-2023,3,Sell,31,4853.58,300.92
687,22,03-02-2025,101,Buy,26,3121.58,162.32
688,13,03-07-2025,20,Sell,80,2809.6,449.54
689,42,19-12-2022,20,Sell,62,2208.15,273.81
690,14,25-11-2021,2,Buy,15,845.04,25.35
691,12,06-09-2025,103,Sell,40,4467.69,357.42
692,18,06-08-2021,19,Buy,74,638.96,94.57
693,2,29-03-2021,101,Sell,60,1628.7,195.44
694,45,09-02-2023,5,Buy,17,3575.53,121.57
695,16,27-02-2021,105,Buy,39,4242.62,330.92
696,38,27-03-2023,20,Sell,40,4546.68,363.73
697,2,27-01-2022,11,Buy,6,1324.94,15.9
698,44,06-09-2021,5,Buy,23,882.69,40.6
699,33,12-02-2025,17,Sell,63,3811.69,480.27
700,20,09-06-2024,8,Buy,71,859.29,122.02
701,8,02-07-2022,103,Buy,90,3673.61,661.25
702,15,08-06-2023,18,Buy,3,129.28,0.78
703,31,23-10-2024,14,Sell,37,2431.51,179.93
704,5,31-07-2025,9,Sell,85,4091.98,695.64
705,49,15-02-2022,9,Buy,81,942.28,152.65
706,26,16-06-2024,20,Sell,11,3158.65,69.49
707,35,19-06-2024,8,Buy,17,3332.69,113.31
708,26,17-08-2024,10,Buy,12,3589.81,86.16
709,15,03-10-2025,13,Sell,68,3428.31,466.25
710,4,10-02-2024,3,Sell,65,1445.2,187.88
711,33,12-05-2023,15,Buy,4,4990.66,39.93
712,34,14-04-2025,5,Buy,15,3039.31,91.18
713,38,30-11-2025,18,Sell,39,4412.25,344.16
714,30,14-04-2023,105,Buy,39,4124.78,321.73
715,21,14-12-2022,1,Buy,6,942.06,11.3
716,36,16-07-2022,12,Buy,82,3706.91,607.93
717,6,16-08-2022,16,Sell,58,3632.39,421.36
718,17,13-09-2024,1,Sell,18,3816.34,137.39
719,39,04-11-2023,18,Sell,97,3967.15,769.63
720,25,10-04-2024,4,Buy,92,1400.43,257.68
721,50,10-01-2025,11,Buy,52,4668.41,485.51
722,1,09-01-2025,6,Buy,35,341.35,23.89
723,46,09-11-2022,15,Buy,69,3692.58,509.58
724,36,18-07-2022,18,Sell,88,1290.8,227.18
725,46,26-07-2022,14,Buy,58,3390.47,393.29
726,5,05-05-2021,17,Sell,65,705.18,91.67
727,36,27-08-2024,13,Sell,3,4966.12,29.8
728,7,27-11-2023,20,Buy,44,4796.76,422.11
729,9,21-07-2022,18,Buy,97,3640.1,706.18
730,2,20-11-2025,104,Buy,53,3007.38,318.78
731,26,27-06-2021,8,Sell,37,4581.03,339
732,46,01-04-2021,12,Sell,31,4764.78,295.42
733,45,26-10-2021,13,Buy,7,2214.44,31
734,43,24-08-2022,11,Buy,77,526.66,81.11
735,37,08-07-2023,14,Buy,91,1755.63,319.52
736,50,16-11-2021,6,Sell,95,4927.17,936.16
737,33,20-10-2022,101,Buy,92,2273.23,418.27
738,3,05-02-2025,7,Sell,20,1682.9,67.32
739,20,10-11-2022,9,Sell,86,3987.01,685.77
740,42,21-05-2021,3,Buy,92,1505.56,277.02
741,50,20-05-2021,17,Buy,80,2988.16,478.11
742,16,20-08-2025,2,Buy,77,3803.59,585.75
743,24,15-07-2024,15,Buy,20,4204.94,168.2
744,31,15-04-2022,14,Sell,56,616.43,69.04
745,47,19-05-2025,14,Buy,70,2873.55,402.3
746,46,26-03-2025,6,Sell,52,4103.54,426.77
747,42,27-03-2022,1,Sell,79,127.52,20.15
748,36,09-12-2022,6,Buy,5,2328.78,23.29
749,4,25-10-2022,20,Buy,57,1824.77,208.02
750,4,08-10-2023,19,Sell,98,2766.28,542.19
751,2,18-05-2025,6,Sell,7,3635.04,50.89
752,39,05-09-2024,4,Sell,56,3499.14,391.9
753,4,25-05-2025,17,Sell,44,1831.36,161.16
754,22,18-07-2022,17,Buy,55,3494.87,384.44
755,21,17-05-2023,14,Sell,6,4286.83,591.58
756,31,10-11-2025,13,Sell,4,1476.97,11.82
757,30,13-07-2022,15,Buy,100,4077.35,815.47
758,31,25-01-2021,15,Buy,90,2069.62,372.53
759,47,14-02-2021,16,Sell,79,355.88,56.23
760,47,17-09-2023,10,Sell,13,4043.02,105.12
761,7,09-12-2024,3,Sell,13,3302.69,85.87
762,41,15-03-2023,6,Buy,6,3770.9,45.25
763,50,05-09-2025,9,Buy,38,2193.27,166.69
764,5,20-07-2022,4,Buy,49,4517.03,442.67
765,21,27-12-2024,2,Sell,44,2651.1,233.3
766,12,25-05-2024,104,Sell,46,336.13,30.92
767,43,20-09-2024,5,Buy,65,1241.8,161.43
768,7,23-06-2024,10,Sell,8,2503.9,40.06
769,18,15-03-2025,15,Sell,48,1160.29,111.39
770,36,12-04-2023,1,Sell,30,3104.89,186.29
771,36,22-02-2023,101,Buy,60,3806.71,456.81
772,50,12-12-2023,5,Buy,40,4509.33,360.75
773,23,02-03-2023,8,Buy,28,910.93,51.01
774,49,11-06-2023,101,Sell,19,277.55,10.55
775,24,28-07-2025,102,Buy,62,2522.01,312.73
776,7,04-10-2021,101,Buy,74,2065.62,305.71
777,15,07-12-2025,17,Sell,97,1859.27,360.7
778,8,16-02-2023,1,Sell,100,2979.07,595.81
779,7,04-03-2022,11,Sell,73,4208.33,614.42
780,7,10-11-2022,1,Sell,88,244.64,43.06
781,18,18-02-2021,20,Buy,62,4785.67,593.42
782,1,14-10-2022,5,Sell,6,4133.97,49.61
783,35,18-02-2023,15,Buy,86,3830.41,658.83
784,28,06-06-2021,16,Buy,75,3024.61,453.69
785,45,01-02-2024,9,Sell,90,3346.16,602.31
786,2,17-05-2023,102,Buy,53,4311.22,456.99
787,7,05-09-2025,12,Sell,61,2267.26,276.61
788,6,20-04-2024,1,Buy,41,1649.13,135.23
789,5,10-07-2025,6,Sell,3,4793.11,28.76
790,39,20-01-2022,7,Sell,21,402.16,16.89
791,13,14-09-2023,9,Buy,92,3740.42,688.24
792,36,26-05-2021,6,Sell,67,3310.19,443.57
793,40,01-09-2025,18,Sell,58,258.96,30.04
794,6,06-01-2024,104,Sell,30,2394.5,143.67
795,35,04-06-2023,8,Sell,6,4822.5,646.22
796,9,27-09-2025,14,Sell,86,3786.16,651.22
797,5,24-12-2022,2,Sell,21,3225.43,135.47
798,11,12-08-2022,18,Sell,2,1436.74,5.75
799,14,27-09-2025,13,Sell,25,2055.66,102.78
800,27,20-12-2025,15,Sell,9,2242.01,174.88
801,18,19-10-2021,17,Sell,87,559.28,97.31
802,49,06-01-2024,11,Buy,34,3077.19,209.25
803,17,15-09-2024,18,Sell,3,2049.58,143.47
804,46,15-12-2024,14,Buy,33,372.2,24.57
805,13,05-03-2021,5,Sell,27,2413.3,130.32
806,32,20-12-2024,105,Sell,90,2271.62,408.89
807,26,18-12-2024,19,Sell,53,4624.81,490.23
808,9,15-09-2021,20,Sell,13,2089.82,54.34
809,20,03-03-2023,10,Buy,45,2534.83,228.13
810,15,24-02-2021,11,Buy,8,4950.35,574.24
811,24,28-06-2024,11,Sell,63,4928.23,620.96
812,22,01-03-2023,105,Buy,58,438.05,50.81
813,21,28-11-2022,2,Buy,72,1304.76,187.89
814,29,01-08-2025,20,Sell,86,1819.02,312.87
815,5,17-03-2022,1,Buy,87,763.06,132.77
816,28,21-08-2024,2,Sell,44,3291.07,289.61
817,39,15-11-2023,3,Sell,79,1557.52,246.09
818,23,14-08-2021,3,Sell,91,916.3,166.77
819,16,02-07-2025,11,Sell,30,4784.41,287.06
820,18,27-02-2023,105,Sell,26,3113.12,161.88
821,47,23-09-2024,104,Sell,5,1881.43,150.51
822,5,07-12-2022,13,Sell,37,1849.4,136.86
823,37,23-10-2023,10,Sell,78,2881.24,449.47
824,39,11-04-2024,6,Sell,2,3734.1,14.94
825,13,03-12-2025,1,Sell,32,2916.28,186.64
826,17,05-06-2024,3,Buy,44,756.54,66.58
827,40,12-01-2024,12,Buy,80,3834.78,613.56
828,9,11-09-2024,12,Buy,30,3630.01,217.8
829,29,04-10-2021,1,Buy,50,898.03,89.8
830,2,18-03-2024,9,Buy,33,1532.33,101.13
831,46,05-05-2023,10,Sell,67,1345.75,180.33
832,1,21-10-2023,5,Buy,77,3017.57,464.71
833,44,26-10-2021,6,Sell,91,4129.36,751.54
834,30,09-07-2024,10,Sell,90,1224.83,220.47
835,24,03-08-2021,5,Sell,63,2120.85,267.23
836,3,15-06-2023,15,Sell,38,1533.61,116.55
837,24,03-11-2022,17,Buy,82,1945.74,319.1
838,13,06-09-2025,7,Buy,39,3796.35,296.12
839,11,07-12-2022,20,Buy,25,3856.74,192.84
840,25,03-04-2024,14,Buy,40,785.15,62.81
841,29,21-09-2025,16,Sell,43,1750.9,150.58
842,24,03-06-2025,20,Sell,20,3663.32,146.53
843,11,28-07-2025,102,Buy,14,1392.58,38.99
844,43,02-09-2021,9,Buy,20,1307.05,52.28
845,20,23-07-2024,6,Buy,99,1831.21,362.58
846,47,30-08-2021,5,Buy,33,3852.52,254.27
847,44,14-10-2022,19,Sell,22,3072.78,135.2
848,11,29-08-2025,11,Buy,50,2996.24,299.62
849,1,04-06-2024,13,Sell,100,3200.98,640.2
850,23,26-01-2023,105,Sell,89,668.22,118.94
851,15,14-02-2022,3,Sell,6,3728.12,44.74
852,39,04-10-2025,103,Sell,7,2650.89,37.11
853,39,22-02-2024,4,Sell,92,1121.27,206.31
854,28,03-02-2025,6,Sell,24,4198.87,201.55
855,50,17-09-2023,103,Buy,33,521.62,34.43
856,36,20-06-2025,9,Buy,26,2389.09,124.23
857,32,12-06-2023,7,Sell,91,1649.9,300.28
858,22,21-12-2024,14,Sell,37,3311.98,245.09
859,35,23-06-2022,20,Sell,18,740.27,26.65
860,13,28-11-2022,3,Sell,91,2502.35,455.43
861,49,31-07-2024,14,Buy,1000,1152.41,76.06
862,36,02-12-2022,10,Buy,71,545.4,77.45
863,12,03-10-2024,5,Sell,80,4443.01,710.88
864,38,11-04-2023,102,Buy,57,2413.61,275.15
865,9,25-02-2024,103,Buy,17,4610.72,156.76
866,37,18-07-2021,20,Sell,67,3554.85,476.35
867,16,24-04-2023,12,Buy,85,477.1,81.11
868,1,23-02-2024,4,Buy,43,4979.99,428.28
869,39,23-06-2025,14,Buy,94,3042.11,571.92
870,26,14-07-2023,10,Sell,90,1242.6,223.67
871,42,12-09-2024,19,Buy,61,1501.69,183.21
872,10,12-05-2023,16,Sell,70,146.31,20.48
873,4,28-02-2023,1,Buy,82,4162.24,682.61
874,22,28-08-2022,11,Buy,35,3025.34,211.77
875,46,06-09-2023,20,Sell,34,3504.72,238.32
876,16,31-03-2022,103,Sell,18,1363.73,49.09
877,3,10-04-2024,3,Sell,82,1274.98,209.1
878,45,17-03-2023,8,Sell,59,2542.51,300.02
879,47,25-01-2025,10,Sell,51,691.98,70.58
880,45,03-07-2025,104,Buy,54,4052.92,437.72
881,36,21-01-2022,9,Buy,63,3821.98,481.57
882,23,16-03-2021,17,Sell,98,1957.73,383.72
883,42,28-03-2024,20,Buy,80,2541.88,406.7
884,40,19-09-2024,9,Buy,16,378.62,12.12
885,47,09-01-2021,18,Buy,22,2677.1,117.79
886,22,18-04-2021,13,Sell,3,4819.35,28.92
887,36,19-05-2024,105,Buy,5,3403.86,34.04
888,26,15-06-2022,9,Buy,38,337.13,25.62
889,28,09-12-2025,7,Sell,61,3480.84,424.66
890,38,28-04-2022,4,Buy,61,2783.43,339.58
891,38,29-04-2021,101,Buy,71,961.46,136.53
892,43,04-05-2023,17,Sell,49,309.85,30.37
893,30,07-10-2022,1,Sell,68,1736.32,236.14
894,6,19-08-2021,18,Buy,78,732.55,114.28
895,47,15-01-2022,4,Sell,72,4055.04,583.93
896,47,22-01-2023,6,Sell,92,4690.76,863.1
897,13,12-09-2021,11,Buy,91,2399.36,436.68
898,25,23-12-2021,10,Buy,2,2206.62,8.83
899,15,10-03-2022,2,Sell,52,1197.29,124.52
900,17,21-06-2022,105,Sell,68,275.01,37.4
901,13,27-06-2025,103,Sell,33,4716.98,311.32
902,9,26-07-2024,9,Sell,52,1397.42,145.33
903,23,17-01-2021,18,Sell,55,1986.87,218.56
904,27,29-07-2021,14,Buy,1,1698.78,3.4
905,9,02-07-2024,11,Buy,47,2903.03,272.88
906,6,01-11-2023,5,Buy,2,2929.04,11.72
907,30,28-01-2025,2,Sell,22,4491.52,197.63
908,24,30-08-2022,17,Buy,71,895.97,127.23
909,50,02-10-2025,5,Sell,50,3518.82,105.56
910,15,18-11-2025,2,Buy,85,3342.75,568.27
911,31,04-07-2025,8,Buy,18,570.22,20.53
912,24,01-04-2024,1,Sell,85,1283.93,218.27
913,33,09-11-2024,14,Sell,12,3522.66,84.54
914,36,25-06-2023,10,Buy,94,1276.18,239.92
915,13,02-06-2021,2,Sell,80,2231.82,357.09
916,23,27-07-2025,102,Sell,97,148.78,28.86
917,7,04-06-2024,104,Sell,84,935.61,157.18
918,5,17-07-2022,18,Sell,46,1796.27,165.26
919,19,05-03-2025,10,Sell,47,4360.2,409.86
920,50,06-10-2023,104,Sell,12,2732.56,65.58
921,43,13-02-2024,5,Buy,97,1495.33,290.09
922,37,19-12-2022,13,Sell,38,4979.87,378.47
923,6,28-12-2022,104,Buy,96,3821.94,733.81
924,45,05-09-2022,9,Buy,31,287.89,17.85
925,15,25-05-2023,10,Buy,59,3930.56,463.81
926,44,29-08-2025,6,Buy,64,2324.76,297.57
927,27,15-06-2021,104,Sell,36,1373.13,98.87
928,1,11-07-2025,2,Buy,11,2197.19,48.34
929,23,05-08-2021,4,Sell,95,2784.24,529.01
930,26,25-01-2021,105,Sell,81,1874.8,303.72
931,45,02-10-2023,10,Buy,14,837.14,23.44
932,10,03-05-2021,2,Sell,51,2164.38,220.77
933,12,29-11-2025,101,Buy,28,628.22,35.18
934,24,28-07-2024,10,Buy,90,1220.98,219.78
935,33,24-08-2022,11,Buy,52,676.02,70.31
936,8,22-05-2024,14,Sell,100,4427.49,885.5
937,41,19-03-2022,101,Sell,70,2819.16,394.68
938,40,17-06-2022,105,Sell,61,997.73,121.72
939,19,06-08-2023,102,Sell,7,359.33,5.03
940,30,22-06-2021,105,Sell,26,3791.51,197.16
941,11,13-07-2021,7,Buy,65,854.36,111.07
942,11,28-08-2021,105,Buy,74,3710.91,549.21
943,15,04-04-2021,18,Sell,62,3225.96,400.02
944,12,30-09-2023,103,Buy,65,636.19,82.7
945,42,23-01-2022,17,Buy,63,975.42,122.9
946,24,04-09-2022,5,Buy,99,3339.75,661.27
947,36,17-03-2021,16,Sell,52,679.93,70.71
948,37,01-11-2023,13,Sell,62,2079.35,257.84
949,40,12-12-2025,103,Buy,65,1646.35,214.03
950,33,14-10-2023,7,Buy,43,3012.68,259.09
951,7,28-11-2022,10,Sell,56,1545.01,173.04
952,6,10-10-2025,2,Sell,84,2129.75,357.8
953,30,24-01-2025,20,Buy,34,2468.54,167.86
954,6,27-06-2023,13,Sell,77,3682.65,567.13
955,19,06-10-2023,5,Sell,54,1637.77,176.88
956,49,15-11-2024,9,Sell,26,1778.34,92.47
957,27,29-10-2022,17,Buy,98,4677.23,916.74
958,47,13-06-2023,1,Sell,87,409.13,71.19
959,9,02-12-2023,10,Buy,66,4884.12,644.7
960,50,10-01-2023,3,Sell,33,4134.87,272.9
961,48,10-09-2022,9,Sell,11,145.45,3.2
962,47,03-07-2022,1,Sell,18,871.83,31.39
963,29,10-02-2025,103,Buy,94,3581.36,673.3
964,24,01-12-2023,15,Buy,51,4691.75,478.56
965,34,15-06-2022,3,Buy,72,725.56,104.48
966,50,25-06-2025,102,Sell,156,1404.47,87.08
967,7,07-04-2024,1,Sell,17,3787.68,128.78
968,45,18-10-2025,18,Buy,67,2090.86,280.18
969,45,07-12-2023,12,Buy,87,4870.26,847.43
970,6,19-08-2022,17,Sell,83,3195.25,530.41
971,12,21-01-2023,19,Sell,55,805.78,88.64
972,17,19-06-2025,3,Buy,49,826.35,80.98
973,10,26-11-2021,103,Buy,14,3029.81,84.83
974,13,30-01-2022,8,Sell,81,4150.72,672.42
975,25,01-08-2024,3,Sell,56,2181.59,244.34
976,5,14-10-2021,9,Sell,7,206.94,2.9
977,43,18-08-2025,7,Sell,86,4831.09,830.95
978,14,25-08-2024,20,Sell,40,1166.45,93.32
979,43,10-09-2022,1,Buy,74,646.26,95.65
980,7,12-10-2024,7,Sell,4,784.16,6.27
981,29,17-09-2021,20,Buy,96,676.4,129.87
982,12,26-01-2021,101,Sell,54,4416.84,477.02
983,7,23-08-2022,16,Buy,89,1801.91,320.74
984,32,11-04-2025,10,Buy,61,399.67,48.76
985,29,22-06-2025,7,Buy,41,1681.84,137.91
986,43,01-07-2025,14,Buy,46,1155.18,106.28
987,18,23-01-2023,4,Buy,12,1100.88,26.42
988,1,28-12-2022,15,Buy,7,741.1,10.38
989,24,13-12-2021,3,Sell,76,4064.85,617.86
990,3,01-03-2023,101,Buy,70,2182.71,305.58
991,50,21-05-2021,20,Sell,44,1873.7,164.89
992,50,15-01-2024,4,Buy,460,1380.49,127.01
993,26,30-11-2022,104,Buy,55,4135.98,454.96
994,33,24-07-2022,19,Buy,65,4601.51,598.2
995,7,16-11-2021,105,Sell,51,3498.9,356.89
996,6,05-06-2022,2,Sell,98,3973.43,778.79
997,42,27-09-2023,6,Buy,74,873.83,129.33
998,2,04-09-2025,103,Buy,78,3027.05,472.22
999,2,06-05-2021,2,Buy,15,1085.12,32.55
1000,44,17-03-2024,17,Sell,18,4671.82,168.19
